epoch,step,train_loss_epoch,train_loss_step,val_MAE,val_MAPE,val_RMSE,val_SMAPE,val_loss
0,9,,4.024205684661865,,,,,
0,19,,3.249793291091919,,,,,
0,29,,2.764549493789673,,,,,
0,39,,2.848804473876953,,,,,
0,49,,2.804780960083008,,,,,
0,59,,2.812311887741089,,,,,
0,69,,2.3388068675994873,,,,,
0,79,,2.599989891052246,,,,,
0,89,,1.9714598655700684,,,,,
0,99,,2.213197946548462,,,,,
0,109,,2.813091993331909,,,,,
0,119,,2.4463062286376953,,,,,
0,129,,2.351423978805542,,,,,
0,139,,2.1204090118408203,,,,,
0,149,,2.7444732189178467,,,,,
0,159,,2.323073625564575,,,,,
0,169,,1.974438190460205,,,,,
0,179,,2.1423518657684326,,,,,
0,189,,2.0099456310272217,,,,,
0,199,,2.1991360187530518,,,,,
0,209,,2.555027723312378,,,,,
0,219,,2.2038660049438477,,,,,
0,229,,2.476454734802246,,,,,
0,239,,2.2987630367279053,,,,,
0,249,,2.128147602081299,,,,,
0,259,,1.9415687322616577,,,,,
0,269,,2.218729257583618,,,,,
0,279,,1.8968616724014282,,,,,
0,289,,2.3510735034942627,,,,,
0,299,,2.0597121715545654,,,,,
0,309,,1.8363242149353027,,,,,
0,319,,2.1574556827545166,,,,,
0,329,,2.107391119003296,,,,,
0,339,,2.0950100421905518,,,,,
0,349,,1.916831612586975,,,,,
0,359,,2.037771463394165,,,,,
0,369,,1.7060108184814453,,,,,
0,379,,2.3619754314422607,,,,,
0,389,,2.1073718070983887,,,,,
0,399,,1.7183786630630493,,,,,
0,409,,2.084571599960327,,,,,
0,419,,2.0165250301361084,,,,,
0,429,,1.7623454332351685,,,,,
0,439,,2.2908315658569336,,,,,
0,449,,2.1063544750213623,,,,,
0,459,,1.8279796838760376,,,,,
0,469,,2.0359811782836914,,,,,
0,479,,2.0099620819091797,,,,,
0,489,,1.7410097122192383,,,,,
0,499,,1.928664207458496,,,,,
0,509,,1.9112496376037598,,,,,
0,519,,1.8618402481079102,,,,,
0,529,,2.2213056087493896,,,,,
0,534,,,3.939908266067505,0.16785061359405518,4.96927547454834,0.1614161878824234,2.89762282371521
0,534,2.2404487133026123,,,,,,
1,539,,1.9920495748519897,,,,,
1,549,,1.9463821649551392,,,,,
1,559,,2.1225831508636475,,,,,
1,569,,1.8208287954330444,,,,,
1,579,,1.7329607009887695,,,,,
1,589,,1.756883144378662,,,,,
1,599,,1.951677680015564,,,,,
1,609,,2.482410192489624,,,,,
1,619,,2.0453288555145264,,,,,
1,629,,2.1497304439544678,,,,,
1,639,,1.949920654296875,,,,,
1,649,,2.1456305980682373,,,,,
1,659,,1.5354704856872559,,,,,
1,669,,2.0318222045898438,,,,,
1,679,,1.9895896911621094,,,,,
1,689,,1.846697211265564,,,,,
1,699,,1.9143918752670288,,,,,
1,709,,1.8698116540908813,,,,,
1,719,,1.551296353340149,,,,,
1,729,,1.7097902297973633,,,,,
1,739,,1.8035306930541992,,,,,
1,749,,1.9858962297439575,,,,,
1,759,,1.7962154150009155,,,,,
1,769,,1.9170111417770386,,,,,
1,779,,2.1386678218841553,,,,,
1,789,,2.138465642929077,,,,,
1,799,,1.820055365562439,,,,,
1,809,,1.896164894104004,,,,,
1,819,,1.7412958145141602,,,,,
1,829,,1.8224111795425415,,,,,
1,839,,2.210502862930298,,,,,
1,849,,1.8897804021835327,,,,,
1,859,,1.6944743394851685,,,,,
1,869,,1.8940778970718384,,,,,
1,879,,2.0790767669677734,,,,,
1,889,,1.7139209508895874,,,,,
1,899,,2.1543262004852295,,,,,
1,909,,1.8188858032226562,,,,,
1,919,,1.9228825569152832,,,,,
1,929,,1.8056567907333374,,,,,
1,939,,1.7445732355117798,,,,,
1,949,,1.765008568763733,,,,,
1,959,,1.8043222427368164,,,,,
1,969,,2.253932237625122,,,,,
1,979,,1.9450315237045288,,,,,
1,989,,1.8840280771255493,,,,,
1,999,,1.9771852493286133,,,,,
1,1009,,1.9246617555618286,,,,,
1,1019,,1.5520238876342773,,,,,
1,1029,,1.9339898824691772,,,,,
1,1039,,1.8190444707870483,,,,,
1,1049,,2.219014883041382,,,,,
1,1059,,1.8577781915664673,,,,,
1,1069,,1.8217803239822388,,,,,
1,1069,,,5.31878137588501,0.18368448317050934,6.616278171539307,0.20172595977783203,3.7775142192840576
1,1069,1.8957033157348633,,,,,,
2,1079,,1.815256118774414,,,,,
2,1089,,1.7091223001480103,,,,,
2,1099,,1.664480209350586,,,,,
2,1109,,1.6037745475769043,,,,,
2,1119,,1.6744189262390137,,,,,
2,1129,,1.7295795679092407,,,,,
2,1139,,2.15962290763855,,,,,
2,1149,,2.0059802532196045,,,,,
2,1159,,1.6339607238769531,,,,,
2,1169,,1.9576044082641602,,,,,
2,1179,,2.1595828533172607,,,,,
2,1189,,1.9270610809326172,,,,,
2,1199,,1.6298738718032837,,,,,
2,1209,,1.924163818359375,,,,,
2,1219,,1.693550944328308,,,,,
2,1229,,1.9150885343551636,,,,,
2,1239,,1.6342166662216187,,,,,
2,1249,,1.7795623540878296,,,,,
2,1259,,1.821541428565979,,,,,
2,1269,,1.889198899269104,,,,,
2,1279,,1.6376619338989258,,,,,
2,1289,,1.9434455633163452,,,,,
2,1299,,1.7584075927734375,,,,,
2,1309,,1.7002849578857422,,,,,
2,1319,,1.8444145917892456,,,,,
2,1329,,2.0173959732055664,,,,,
2,1339,,1.7424119710922241,,,,,
2,1349,,1.539495825767517,,,,,
2,1359,,1.6572942733764648,,,,,
2,1369,,1.5639623403549194,,,,,
2,1379,,1.830641746520996,,,,,
2,1389,,1.9641445875167847,,,,,
2,1399,,1.8578723669052124,,,,,
2,1409,,1.999306321144104,,,,,
2,1419,,2.292612075805664,,,,,
2,1429,,2.1189634799957275,,,,,
2,1439,,1.9082704782485962,,,,,
2,1449,,1.7668671607971191,,,,,
2,1459,,1.7095823287963867,,,,,
2,1469,,1.863629937171936,,,,,
2,1479,,1.7583147287368774,,,,,
2,1489,,1.9155163764953613,,,,,
2,1499,,1.7271684408187866,,,,,
2,1509,,1.634381890296936,,,,,
2,1519,,1.750086784362793,,,,,
2,1529,,1.924599051475525,,,,,
2,1539,,1.6715192794799805,,,,,
2,1549,,1.9944177865982056,,,,,
2,1559,,1.7426538467407227,,,,,
2,1569,,1.9499832391738892,,,,,
2,1579,,1.8052148818969727,,,,,
2,1589,,1.9358047246932983,,,,,
2,1599,,1.6238727569580078,,,,,
2,1604,,,4.101485252380371,0.16189569234848022,5.125133991241455,0.16937512159347534,2.8988444805145264
2,1604,1.8141546249389648,,,,,,
3,1609,,1.5009552240371704,,,,,
3,1619,,1.765803337097168,,,,,
3,1629,,1.858052372932434,,,,,
3,1639,,1.6351194381713867,,,,,
3,1649,,1.6924127340316772,,,,,
3,1659,,1.7428911924362183,,,,,
3,1669,,1.7316356897354126,,,,,
3,1679,,1.9421225786209106,,,,,
3,1689,,1.612758994102478,,,,,
3,1699,,1.7945798635482788,,,,,
3,1709,,1.779103398323059,,,,,
3,1719,,1.6033750772476196,,,,,
3,1729,,1.8866127729415894,,,,,
3,1739,,1.7038453817367554,,,,,
3,1749,,1.7924569845199585,,,,,
3,1759,,1.684664249420166,,,,,
3,1769,,1.7899473905563354,,,,,
3,1779,,1.548736572265625,,,,,
3,1789,,1.8724638223648071,,,,,
3,1799,,1.6565440893173218,,,,,
3,1809,,1.610812783241272,,,,,
3,1819,,1.5764096975326538,,,,,
3,1829,,1.694512963294983,,,,,
3,1839,,1.6401399374008179,,,,,
3,1849,,1.8362594842910767,,,,,
3,1859,,1.6444035768508911,,,,,
3,1869,,1.8155975341796875,,,,,
3,1879,,1.8215560913085938,,,,,
3,1889,,1.6981091499328613,,,,,
3,1899,,1.660692811012268,,,,,
3,1909,,1.501173973083496,,,,,
3,1919,,1.8003360033035278,,,,,
3,1929,,1.7443336248397827,,,,,
3,1939,,1.9489611387252808,,,,,
3,1949,,1.7960232496261597,,,,,
3,1959,,1.7197154760360718,,,,,
3,1969,,1.870581030845642,,,,,
3,1979,,1.815482497215271,,,,,
3,1989,,1.4592574834823608,,,,,
3,1999,,2.129844903945923,,,,,
3,2009,,1.8014837503433228,,,,,
3,2019,,1.7193511724472046,,,,,
3,2029,,1.8385800123214722,,,,,
3,2039,,1.582689642906189,,,,,
3,2049,,1.926794171333313,,,,,
3,2059,,1.684043288230896,,,,,
3,2069,,1.4607925415039062,,,,,
3,2079,,1.7075227499008179,,,,,
3,2089,,1.6403112411499023,,,,,
3,2099,,1.7488454580307007,,,,,
3,2109,,1.8183879852294922,,,,,
3,2119,,1.6244531869888306,,,,,
3,2129,,1.6972236633300781,,,,,
3,2139,,1.701224684715271,,,,,
3,2139,,,5.924099445343018,0.19402307271957397,7.460672855377197,0.22081847488880157,4.258756160736084
3,2139,1.7444312572479248,,,,,,
4,2149,,1.8466620445251465,,,,,
4,2159,,1.8015127182006836,,,,,
4,2169,,1.5557079315185547,,,,,
4,2179,,1.86336088180542,,,,,
4,2189,,1.4262527227401733,,,,,
4,2199,,1.5501219034194946,,,,,
4,2209,,1.6775630712509155,,,,,
4,2219,,1.82895028591156,,,,,
4,2229,,1.7294721603393555,,,,,
4,2239,,1.6310373544692993,,,,,
4,2249,,1.677500605583191,,,,,
4,2259,,1.669664740562439,,,,,
4,2269,,1.8405441045761108,,,,,
4,2279,,1.8336602449417114,,,,,
4,2289,,1.5476487874984741,,,,,
4,2299,,1.7757762670516968,,,,,
4,2309,,1.706189751625061,,,,,
4,2319,,1.7594140768051147,,,,,
4,2329,,1.6846809387207031,,,,,
4,2339,,1.7016526460647583,,,,,
4,2349,,1.6473599672317505,,,,,
4,2359,,1.4777024984359741,,,,,
4,2369,,1.5996767282485962,,,,,
4,2379,,1.7636483907699585,,,,,
4,2389,,1.6260223388671875,,,,,
4,2399,,1.9309697151184082,,,,,
4,2409,,1.833401083946228,,,,,
4,2419,,1.702275276184082,,,,,
4,2429,,1.9103927612304688,,,,,
4,2439,,1.473028302192688,,,,,
4,2449,,1.8462833166122437,,,,,
4,2459,,1.6434801816940308,,,,,
4,2469,,1.4623876810073853,,,,,
4,2479,,1.7304234504699707,,,,,
4,2489,,1.8225412368774414,,,,,
4,2499,,1.412864327430725,,,,,
4,2509,,1.8376718759536743,,,,,
4,2519,,1.5591212511062622,,,,,
4,2529,,1.9084587097167969,,,,,
4,2539,,1.5948419570922852,,,,,
4,2549,,1.644788384437561,,,,,
4,2559,,1.5166395902633667,,,,,
4,2569,,1.780078411102295,,,,,
4,2579,,1.6639875173568726,,,,,
4,2589,,1.6275116205215454,,,,,
4,2599,,1.525027871131897,,,,,
4,2609,,1.4817506074905396,,,,,
4,2619,,1.5993744134902954,,,,,
4,2629,,1.5990872383117676,,,,,
4,2639,,1.9757035970687866,,,,,
4,2649,,1.5556292533874512,,,,,
4,2659,,1.5259381532669067,,,,,
4,2669,,1.7428375482559204,,,,,
4,2674,,,3.948939561843872,0.1716013103723526,5.027091026306152,0.16341179609298706,2.814162254333496
4,2674,1.6839377880096436,,,,,,
5,2679,,1.5504668951034546,,,,,
5,2689,,1.5118860006332397,,,,,
5,2699,,1.8971309661865234,,,,,
5,2709,,1.5939245223999023,,,,,
5,2719,,1.6010295152664185,,,,,
5,2729,,1.9390023946762085,,,,,
5,2739,,1.799406886100769,,,,,
5,2749,,1.531091332435608,,,,,
5,2759,,1.6500495672225952,,,,,
5,2769,,1.5187276601791382,,,,,
5,2779,,1.7019611597061157,,,,,
5,2789,,1.5391918420791626,,,,,
5,2799,,1.6983741521835327,,,,,
5,2809,,1.5680384635925293,,,,,
5,2819,,1.7191095352172852,,,,,
5,2829,,2.155604600906372,,,,,
5,2839,,1.3591426610946655,,,,,
5,2849,,1.467976450920105,,,,,
5,2859,,1.5829200744628906,,,,,
5,2869,,1.518990159034729,,,,,
5,2879,,1.6209421157836914,,,,,
5,2889,,1.603799819946289,,,,,
5,2899,,1.7669291496276855,,,,,
5,2909,,1.464857578277588,,,,,
5,2919,,1.6632877588272095,,,,,
5,2929,,1.973718285560608,,,,,
5,2939,,1.6337114572525024,,,,,
5,2949,,1.6225816011428833,,,,,
5,2959,,1.6037713289260864,,,,,
5,2969,,1.5532282590866089,,,,,
5,2979,,1.653723120689392,,,,,
5,2989,,1.5762238502502441,,,,,
5,2999,,1.937027931213379,,,,,
5,3009,,1.5413497686386108,,,,,
5,3019,,1.447280764579773,,,,,
5,3029,,1.7526193857192993,,,,,
5,3039,,1.6095495223999023,,,,,
5,3049,,1.6106728315353394,,,,,
5,3059,,1.6903830766677856,,,,,
5,3069,,1.4900041818618774,,,,,
5,3079,,1.7157090902328491,,,,,
5,3089,,1.6152511835098267,,,,,
5,3099,,1.7213774919509888,,,,,
5,3109,,1.6963664293289185,,,,,
5,3119,,1.5568389892578125,,,,,
5,3129,,1.5957088470458984,,,,,
5,3139,,1.6754966974258423,,,,,
5,3149,,1.827775001525879,,,,,
5,3159,,1.7150076627731323,,,,,
5,3169,,1.419508934020996,,,,,
5,3179,,1.7454026937484741,,,,,
5,3189,,1.9051469564437866,,,,,
5,3199,,1.6906628608703613,,,,,
5,3209,,1.6729717254638672,,,,,
5,3209,,,5.317068099975586,0.1869826763868332,6.636634826660156,0.19781629741191864,3.859394073486328
5,3209,1.6304230690002441,,,,,,
6,3219,,1.5885423421859741,,,,,
6,3229,,1.6172841787338257,,,,,
6,3239,,1.652308464050293,,,,,
6,3249,,1.6909046173095703,,,,,
6,3259,,1.6708441972732544,,,,,
6,3269,,2.020310163497925,,,,,
6,3279,,1.6445411443710327,,,,,
6,3289,,1.7629836797714233,,,,,
6,3299,,1.707994818687439,,,,,
6,3309,,1.4445101022720337,,,,,
6,3319,,1.6280263662338257,,,,,
6,3329,,1.5682181119918823,,,,,
6,3339,,1.5187997817993164,,,,,
6,3349,,1.5398902893066406,,,,,
6,3359,,1.443893551826477,,,,,
6,3369,,1.52666175365448,,,,,
6,3379,,1.4435453414916992,,,,,
6,3389,,1.506596565246582,,,,,
6,3399,,1.676529049873352,,,,,
6,3409,,1.6751385927200317,,,,,
6,3419,,1.6538714170455933,,,,,
6,3429,,1.871092438697815,,,,,
6,3439,,1.485939621925354,,,,,
6,3449,,1.502950668334961,,,,,
6,3459,,1.5554860830307007,,,,,
6,3469,,1.5436931848526,,,,,
6,3479,,1.613792061805725,,,,,
6,3489,,1.5947895050048828,,,,,
6,3499,,1.4669262170791626,,,,,
6,3509,,1.551595687866211,,,,,
6,3519,,1.6000434160232544,,,,,
6,3529,,1.8697606325149536,,,,,
6,3539,,1.4837156534194946,,,,,
6,3549,,1.5124716758728027,,,,,
6,3559,,1.681622862815857,,,,,
6,3569,,1.5480610132217407,,,,,
6,3579,,1.5263419151306152,,,,,
6,3589,,1.7512450218200684,,,,,
6,3599,,1.580832839012146,,,,,
6,3609,,1.4869709014892578,,,,,
6,3619,,1.5749492645263672,,,,,
6,3629,,1.4313081502914429,,,,,
6,3639,,1.6681331396102905,,,,,
6,3649,,1.595823884010315,,,,,
6,3659,,1.5550256967544556,,,,,
6,3669,,1.629246711730957,,,,,
6,3679,,1.502506136894226,,,,,
6,3689,,1.4935096502304077,,,,,
6,3699,,1.480374813079834,,,,,
6,3709,,1.3947871923446655,,,,,
6,3719,,1.5825203657150269,,,,,
6,3729,,1.5373563766479492,,,,,
6,3739,,1.4294452667236328,,,,,
6,3744,,,4.988698959350586,0.21329240500926971,6.442643642425537,0.19230860471725464,3.70186710357666
6,3744,1.5811011791229248,,,,,,
7,3749,,1.5535088777542114,,,,,
7,3759,,1.4394317865371704,,,,,
7,3769,,1.4250582456588745,,,,,
7,3779,,1.5074113607406616,,,,,
7,3789,,1.7844401597976685,,,,,
7,3799,,1.5855923891067505,,,,,
7,3809,,1.489538550376892,,,,,
7,3819,,1.4410163164138794,,,,,
7,3829,,2.128434181213379,,,,,
7,3839,,1.3843684196472168,,,,,
7,3849,,1.6438568830490112,,,,,
7,3859,,1.270640254020691,,,,,
7,3869,,1.497617244720459,,,,,
7,3879,,1.674583077430725,,,,,
7,3889,,1.7946456670761108,,,,,
7,3899,,1.7244952917099,,,,,
7,3909,,1.6233121156692505,,,,,
7,3919,,1.4231187105178833,,,,,
7,3929,,1.5352226495742798,,,,,
7,3939,,1.5534051656723022,,,,,
7,3949,,1.5949310064315796,,,,,
7,3959,,1.5805531740188599,,,,,
7,3969,,1.4690814018249512,,,,,
7,3979,,1.5670233964920044,,,,,
7,3989,,1.4870595932006836,,,,,
7,3999,,1.4924160242080688,,,,,
7,4009,,1.5060334205627441,,,,,
7,4019,,1.4394582509994507,,,,,
7,4029,,1.4058609008789062,,,,,
7,4039,,1.5152558088302612,,,,,
7,4049,,1.5572627782821655,,,,,
7,4059,,1.6555246114730835,,,,,
7,4069,,1.329461693763733,,,,,
7,4079,,1.6259217262268066,,,,,
7,4089,,1.5919982194900513,,,,,
7,4099,,1.668344497680664,,,,,
7,4109,,1.6311811208724976,,,,,
7,4119,,1.5129996538162231,,,,,
7,4129,,1.4927855730056763,,,,,
7,4139,,1.5955969095230103,,,,,
7,4149,,1.4475549459457397,,,,,
7,4159,,1.5865446329116821,,,,,
7,4169,,1.4704972505569458,,,,,
7,4179,,1.5656533241271973,,,,,
7,4189,,1.5140403509140015,,,,,
7,4199,,1.433579444885254,,,,,
7,4209,,1.4764471054077148,,,,,
7,4219,,1.4201968908309937,,,,,
7,4229,,1.6837488412857056,,,,,
7,4239,,1.3556699752807617,,,,,
7,4249,,1.6176317930221558,,,,,
7,4259,,1.4709396362304688,,,,,
7,4269,,1.708431601524353,,,,,
7,4279,,1.6084791421890259,,,,,
7,4279,,,5.594339370727539,0.20977981388568878,6.757537364959717,0.20926840603351593,4.2376604080200195
7,4279,1.5435211658477783,,,,,,
8,4289,,1.4728631973266602,,,,,
8,4299,,1.4875863790512085,,,,,
8,4309,,1.4124021530151367,,,,,
8,4319,,1.4341109991073608,,,,,
8,4329,,1.3594509363174438,,,,,
8,4339,,1.5408167839050293,,,,,
8,4349,,1.4830838441848755,,,,,
8,4359,,1.3919509649276733,,,,,
8,4369,,1.5628538131713867,,,,,
8,4379,,1.526879906654358,,,,,
8,4389,,1.3565160036087036,,,,,
8,4399,,1.3918708562850952,,,,,
8,4409,,1.5092707872390747,,,,,
8,4419,,1.6293611526489258,,,,,
8,4429,,1.5049127340316772,,,,,
8,4439,,1.5388613939285278,,,,,
8,4449,,1.6154884099960327,,,,,
8,4459,,1.6144185066223145,,,,,
8,4469,,1.6059154272079468,,,,,
8,4479,,1.4572476148605347,,,,,
8,4489,,1.6790727376937866,,,,,
8,4499,,1.4869298934936523,,,,,
8,4509,,1.4538469314575195,,,,,
8,4519,,1.621759057044983,,,,,
8,4529,,1.5652923583984375,,,,,
8,4539,,1.384048342704773,,,,,
8,4549,,1.44208562374115,,,,,
8,4559,,1.777191162109375,,,,,
8,4569,,1.5190380811691284,,,,,
8,4579,,1.5663408041000366,,,,,
8,4589,,1.51374089717865,,,,,
8,4599,,1.4733644723892212,,,,,
8,4609,,1.6160467863082886,,,,,
8,4619,,1.54908287525177,,,,,
8,4629,,1.5471614599227905,,,,,
8,4639,,1.6555228233337402,,,,,
8,4649,,1.4467722177505493,,,,,
8,4659,,1.5562224388122559,,,,,
8,4669,,1.402013897895813,,,,,
8,4679,,1.3438924551010132,,,,,
8,4689,,1.545496940612793,,,,,
8,4699,,1.5289934873580933,,,,,
8,4709,,1.4402374029159546,,,,,
8,4719,,1.5581945180892944,,,,,
8,4729,,1.650734543800354,,,,,
8,4739,,1.6512359380722046,,,,,
8,4749,,1.6238170862197876,,,,,
8,4759,,1.348889946937561,,,,,
8,4769,,1.49551260471344,,,,,
8,4779,,1.547500729560852,,,,,
8,4789,,1.374341607093811,,,,,
8,4799,,1.4471389055252075,,,,,
8,4809,,1.5843558311462402,,,,,
8,4814,,,6.483606815338135,0.24990589916706085,7.756410598754883,0.2501126825809479,4.917928218841553
8,4814,1.500382661819458,,,,,,
9,4819,,1.5908228158950806,,,,,
9,4829,,1.4728387594223022,,,,,
9,4839,,1.574877142906189,,,,,
9,4849,,1.331190824508667,,,,,
9,4859,,1.4170233011245728,,,,,
9,4869,,1.409245491027832,,,,,
9,4879,,1.4719969034194946,,,,,
9,4889,,1.4420312643051147,,,,,
9,4899,,1.4144115447998047,,,,,
9,4909,,1.4688092470169067,,,,,
9,4919,,1.5735985040664673,,,,,
9,4929,,1.6284338235855103,,,,,
9,4939,,1.4029817581176758,,,,,
9,4949,,1.6281408071517944,,,,,
9,4959,,1.475852131843567,,,,,
9,4969,,1.3380426168441772,,,,,
9,4979,,1.3705791234970093,,,,,
9,4989,,1.3917921781539917,,,,,
9,4999,,1.339978575706482,,,,,
9,5009,,1.4870351552963257,,,,,
9,5019,,1.4757933616638184,,,,,
9,5029,,1.5530166625976562,,,,,
9,5039,,1.4485458135604858,,,,,
9,5049,,1.5373005867004395,,,,,
9,5059,,1.4807125329971313,,,,,
9,5069,,1.3413633108139038,,,,,
9,5079,,1.4114938974380493,,,,,
9,5089,,1.6357883214950562,,,,,
9,5099,,1.5060526132583618,,,,,
9,5109,,1.372004508972168,,,,,
9,5119,,1.5420814752578735,,,,,
9,5129,,1.4125868082046509,,,,,
9,5139,,1.3441805839538574,,,,,
9,5149,,1.5604692697525024,,,,,
9,5159,,1.5002535581588745,,,,,
9,5169,,1.5250253677368164,,,,,
9,5179,,1.3844857215881348,,,,,
9,5189,,1.4981883764266968,,,,,
9,5199,,1.4491938352584839,,,,,
9,5209,,1.3083752393722534,,,,,
9,5219,,1.3154720067977905,,,,,
9,5229,,1.4009913206100464,,,,,
9,5239,,1.6858086585998535,,,,,
9,5249,,1.3132152557373047,,,,,
9,5259,,1.5667451620101929,,,,,
9,5269,,1.3482089042663574,,,,,
9,5279,,1.497113585472107,,,,,
9,5289,,1.3981298208236694,,,,,
9,5299,,1.4079841375350952,,,,,
9,5309,,1.5067909955978394,,,,,
9,5319,,1.3762644529342651,,,,,
9,5329,,1.5803781747817993,,,,,
9,5339,,1.4412254095077515,,,,,
9,5349,,1.4670544862747192,,,,,
9,5349,,,4.520310401916504,0.18024760484695435,5.414666652679443,0.18655681610107422,3.2956044673919678
9,5349,1.46086585521698,,,,,,
10,5359,,1.47665274143219,,,,,
10,5369,,1.264811396598816,,,,,
10,5379,,1.3845149278640747,,,,,
10,5389,,1.4318987131118774,,,,,
10,5399,,1.4273465871810913,,,,,
10,5409,,1.5923265218734741,,,,,
10,5419,,1.480245590209961,,,,,
10,5429,,1.5044240951538086,,,,,
10,5439,,1.4768877029418945,,,,,
10,5449,,1.488134503364563,,,,,
10,5459,,1.4205113649368286,,,,,
10,5469,,1.3617124557495117,,,,,
10,5479,,1.4128761291503906,,,,,
10,5489,,1.4122520685195923,,,,,
10,5499,,1.2987455129623413,,,,,
10,5509,,1.4109712839126587,,,,,
10,5519,,1.3531442880630493,,,,,
10,5529,,1.4073127508163452,,,,,
10,5539,,1.458818793296814,,,,,
10,5549,,1.3213292360305786,,,,,
10,5559,,1.3186426162719727,,,,,
10,5569,,1.2958053350448608,,,,,
10,5579,,1.2216218709945679,,,,,
10,5589,,1.3451188802719116,,,,,
10,5599,,1.2212753295898438,,,,,
10,5609,,1.4588985443115234,,,,,
10,5619,,1.429064393043518,,,,,
10,5629,,1.3732541799545288,,,,,
10,5639,,1.3565946817398071,,,,,
10,5649,,1.2642182111740112,,,,,
10,5659,,1.3036473989486694,,,,,
10,5669,,1.4001646041870117,,,,,
10,5679,,1.3683491945266724,,,,,
10,5689,,1.4676614999771118,,,,,
10,5699,,1.273271918296814,,,,,
10,5709,,1.308180570602417,,,,,
10,5719,,1.5951772928237915,,,,,
10,5729,,1.2156845331192017,,,,,
10,5739,,1.3669220209121704,,,,,
10,5749,,1.3938016891479492,,,,,
10,5759,,1.4353370666503906,,,,,
10,5769,,1.3331201076507568,,,,,
10,5779,,1.3988704681396484,,,,,
10,5789,,1.3994922637939453,,,,,
10,5799,,1.4593034982681274,,,,,
10,5809,,1.4794939756393433,,,,,
10,5819,,1.380285382270813,,,,,
10,5829,,1.362998366355896,,,,,
10,5839,,1.3147988319396973,,,,,
10,5849,,1.3707891702651978,,,,,
10,5859,,1.2381515502929688,,,,,
10,5869,,1.3231626749038696,,,,,
10,5879,,1.5351463556289673,,,,,
10,5884,,,5.635580539703369,0.2500230371952057,7.609201431274414,0.2206910252571106,4.413137435913086
10,5884,1.3905398845672607,,,,,,
11,5889,,1.3515268564224243,,,,,
11,5899,,1.322644591331482,,,,,
11,5909,,1.4378238916397095,,,,,
11,5919,,1.310285210609436,,,,,
11,5929,,1.3767896890640259,,,,,
11,5939,,1.3361358642578125,,,,,
11,5949,,1.337613582611084,,,,,
11,5959,,1.4077730178833008,,,,,
11,5969,,1.3383270502090454,,,,,
11,5979,,1.423629641532898,,,,,
11,5989,,1.3329861164093018,,,,,
11,5999,,1.284806251525879,,,,,
11,6009,,1.2310174703598022,,,,,
11,6019,,1.30838143825531,,,,,
11,6029,,1.352702260017395,,,,,
11,6039,,1.3325003385543823,,,,,
11,6049,,1.3050576448440552,,,,,
11,6059,,1.4676896333694458,,,,,
11,6069,,1.3560081720352173,,,,,
11,6079,,1.2944105863571167,,,,,
11,6089,,1.5230895280838013,,,,,
11,6099,,1.2843157052993774,,,,,
11,6109,,1.396063208580017,,,,,
11,6119,,1.3163950443267822,,,,,
11,6129,,1.5251702070236206,,,,,
11,6139,,1.4150114059448242,,,,,
11,6149,,1.3386064767837524,,,,,
11,6159,,1.4021121263504028,,,,,
11,6169,,1.4993911981582642,,,,,
11,6179,,1.4686371088027954,,,,,
11,6189,,1.4518132209777832,,,,,
11,6199,,1.4345101118087769,,,,,
11,6209,,1.3550268411636353,,,,,
11,6219,,1.385040283203125,,,,,
11,6229,,1.3148462772369385,,,,,
11,6239,,1.362399935722351,,,,,
11,6249,,1.2913284301757812,,,,,
11,6259,,1.5315370559692383,,,,,
11,6269,,1.30774986743927,,,,,
11,6279,,1.4142569303512573,,,,,
11,6289,,1.4744157791137695,,,,,
11,6299,,1.3817449808120728,,,,,
11,6309,,1.45718514919281,,,,,
11,6319,,1.3920243978500366,,,,,
11,6329,,1.5152641534805298,,,,,
11,6339,,1.3704270124435425,,,,,
11,6349,,1.388798713684082,,,,,
11,6359,,1.5971031188964844,,,,,
11,6369,,1.5352654457092285,,,,,
11,6379,,1.3344660997390747,,,,,
11,6389,,1.3401352167129517,,,,,
11,6399,,1.407223105430603,,,,,
11,6409,,1.300608515739441,,,,,
11,6419,,1.3341107368469238,,,,,
11,6419,,,5.012151718139648,0.20887207984924316,6.137624263763428,0.20542316138744354,3.8006484508514404
11,6419,1.361711025238037,,,,,,
12,6429,,1.4187618494033813,,,,,
12,6439,,1.23874032497406,,,,,
12,6449,,1.466738224029541,,,,,
12,6459,,1.3597122430801392,,,,,
12,6469,,1.27324640750885,,,,,
12,6479,,1.269768238067627,,,,,
12,6489,,1.334181308746338,,,,,
12,6499,,1.394637107849121,,,,,
12,6509,,1.2099579572677612,,,,,
12,6519,,1.374163269996643,,,,,
12,6529,,1.426430106163025,,,,,
12,6539,,1.356653094291687,,,,,
12,6549,,1.3190120458602905,,,,,
12,6559,,1.3861230611801147,,,,,
12,6569,,1.4341692924499512,,,,,
12,6579,,1.4180569648742676,,,,,
12,6589,,1.3012522459030151,,,,,
12,6599,,1.3463627099990845,,,,,
12,6609,,1.4044675827026367,,,,,
12,6619,,1.325575828552246,,,,,
12,6629,,1.2580665349960327,,,,,
12,6639,,1.4229425191879272,,,,,
12,6649,,1.4123001098632812,,,,,
12,6659,,1.283532738685608,,,,,
12,6669,,1.3183647394180298,,,,,
12,6679,,1.335218071937561,,,,,
12,6689,,1.3633991479873657,,,,,
12,6699,,1.312651515007019,,,,,
12,6709,,1.2905677556991577,,,,,
12,6719,,1.356615424156189,,,,,
12,6729,,1.2389992475509644,,,,,
12,6739,,1.351993203163147,,,,,
12,6749,,1.3686423301696777,,,,,
12,6759,,1.376905083656311,,,,,
12,6769,,1.2984808683395386,,,,,
12,6779,,1.3205012083053589,,,,,
12,6789,,1.2970830202102661,,,,,
12,6799,,1.451619267463684,,,,,
12,6809,,1.3449488878250122,,,,,
12,6819,,1.3559077978134155,,,,,
12,6829,,1.2734204530715942,,,,,
12,6839,,1.3443046808242798,,,,,
12,6849,,1.3179417848587036,,,,,
12,6859,,1.362212061882019,,,,,
12,6869,,1.2431334257125854,,,,,
12,6879,,1.3631585836410522,,,,,
12,6889,,1.321532130241394,,,,,
12,6899,,1.255691409111023,,,,,
12,6909,,1.3537607192993164,,,,,
12,6919,,1.402888298034668,,,,,
12,6929,,1.320600986480713,,,,,
12,6939,,1.2819410562515259,,,,,
12,6949,,1.440747618675232,,,,,
12,6954,,,4.936792373657227,0.2190648466348648,6.547074794769287,0.20765632390975952,3.797614097595215
12,6954,1.3409068584442139,,,,,,
13,6959,,1.2888027429580688,,,,,
13,6969,,1.3371248245239258,,,,,
13,6979,,1.2564033269882202,,,,,
13,6989,,1.3380142450332642,,,,,
13,6999,,1.484453797340393,,,,,
13,7009,,1.3787978887557983,,,,,
13,7019,,1.3463568687438965,,,,,
13,7029,,1.4139385223388672,,,,,
13,7039,,1.4228159189224243,,,,,
13,7049,,1.3549641370773315,,,,,
13,7059,,1.2927876710891724,,,,,
13,7069,,1.291447639465332,,,,,
13,7079,,1.2496544122695923,,,,,
13,7089,,1.2462354898452759,,,,,
13,7099,,1.289164423942566,,,,,
13,7109,,1.2951472997665405,,,,,
13,7119,,1.3892394304275513,,,,,
13,7129,,1.247854232788086,,,,,
13,7139,,1.35040283203125,,,,,
13,7149,,1.366076111793518,,,,,
13,7159,,1.3372654914855957,,,,,
13,7169,,1.2910023927688599,,,,,
13,7179,,1.2732175588607788,,,,,
13,7189,,1.4966630935668945,,,,,
13,7199,,1.3983367681503296,,,,,
13,7209,,1.367749810218811,,,,,
13,7219,,1.2269567251205444,,,,,
13,7229,,1.2666821479797363,,,,,
13,7239,,1.2365797758102417,,,,,
13,7249,,1.2879714965820312,,,,,
13,7259,,1.4644781351089478,,,,,
13,7269,,1.3970690965652466,,,,,
13,7279,,1.4216588735580444,,,,,
13,7289,,1.504799246788025,,,,,
13,7299,,1.3605499267578125,,,,,
13,7309,,1.3288565874099731,,,,,
13,7319,,1.290186882019043,,,,,
13,7329,,1.3509206771850586,,,,,
13,7339,,1.2294379472732544,,,,,
13,7349,,1.2684112787246704,,,,,
13,7359,,1.3817100524902344,,,,,
13,7369,,1.2836195230484009,,,,,
13,7379,,1.3187084197998047,,,,,
13,7389,,1.2923794984817505,,,,,
13,7399,,1.4032329320907593,,,,,
13,7409,,1.3427988290786743,,,,,
13,7419,,1.3350673913955688,,,,,
13,7429,,1.3071939945220947,,,,,
13,7439,,1.3763052225112915,,,,,
13,7449,,1.298895239830017,,,,,
13,7459,,1.2744640111923218,,,,,
13,7469,,1.3234788179397583,,,,,
13,7479,,1.3302074670791626,,,,,
13,7489,,1.3253040313720703,,,,,
13,7489,,,4.3918304443359375,0.1946389079093933,5.673753261566162,0.1899981051683426,3.331779718399048
13,7489,1.321567416191101,,,,,,
14,7499,,1.3156529664993286,,,,,
14,7509,,1.2770713567733765,,,,,
14,7519,,1.2353049516677856,,,,,
14,7529,,1.3119755983352661,,,,,
14,7539,,1.2278634309768677,,,,,
14,7549,,1.3870803117752075,,,,,
14,7559,,1.2933204174041748,,,,,
14,7569,,1.3402684926986694,,,,,
14,7579,,1.4227051734924316,,,,,
14,7589,,1.3408589363098145,,,,,
14,7599,,1.2960208654403687,,,,,
14,7609,,1.2221084833145142,,,,,
14,7619,,1.282166838645935,,,,,
14,7629,,1.4902416467666626,,,,,
14,7639,,1.1894865036010742,,,,,
14,7649,,1.3218625783920288,,,,,
14,7659,,1.3531475067138672,,,,,
14,7669,,1.2544870376586914,,,,,
14,7679,,1.2701343297958374,,,,,
14,7689,,1.284609317779541,,,,,
14,7699,,1.2905945777893066,,,,,
14,7709,,1.318786859512329,,,,,
14,7719,,1.367282509803772,,,,,
14,7729,,1.3545163869857788,,,,,
14,7739,,1.3765473365783691,,,,,
14,7749,,1.2694467306137085,,,,,
14,7759,,1.270661473274231,,,,,
14,7769,,1.2423678636550903,,,,,
14,7779,,1.2350971698760986,,,,,
14,7789,,1.2790496349334717,,,,,
14,7799,,1.2128424644470215,,,,,
14,7809,,1.2781685590744019,,,,,
14,7819,,1.3315945863723755,,,,,
14,7829,,1.225109577178955,,,,,
14,7839,,1.2529020309448242,,,,,
14,7849,,1.2378889322280884,,,,,
14,7859,,1.2767138481140137,,,,,
14,7869,,1.1706942319869995,,,,,
14,7879,,1.2989293336868286,,,,,
14,7889,,1.236333966255188,,,,,
14,7899,,1.2496967315673828,,,,,
14,7909,,1.2638630867004395,,,,,
14,7919,,1.2991331815719604,,,,,
14,7929,,1.2166337966918945,,,,,
14,7939,,1.1860624551773071,,,,,
14,7949,,1.4022670984268188,,,,,
14,7959,,1.268165946006775,,,,,
14,7969,,1.2761998176574707,,,,,
14,7979,,1.258408784866333,,,,,
14,7989,,1.3218655586242676,,,,,
14,7999,,1.3313795328140259,,,,,
14,8009,,1.392127513885498,,,,,
14,8019,,1.2857749462127686,,,,,
14,8024,,,4.470387935638428,0.18667830526828766,5.578065395355225,0.18737943470478058,3.361419916152954
14,8024,1.3059269189834595,,,,,,
15,8029,,1.3297585248947144,,,,,
15,8039,,1.2419389486312866,,,,,
15,8049,,1.3230582475662231,,,,,
15,8059,,1.2782503366470337,,,,,
15,8069,,1.2239784002304077,,,,,
15,8079,,1.361634612083435,,,,,
15,8089,,1.3675514459609985,,,,,
15,8099,,1.2564424276351929,,,,,
15,8109,,1.2478090524673462,,,,,
15,8119,,1.2842823266983032,,,,,
15,8129,,1.2732434272766113,,,,,
15,8139,,1.2793288230895996,,,,,
15,8149,,1.2838245630264282,,,,,
15,8159,,1.3809140920639038,,,,,
15,8169,,1.3409242630004883,,,,,
15,8179,,1.3355501890182495,,,,,
15,8189,,1.2862472534179688,,,,,
15,8199,,1.323487401008606,,,,,
15,8209,,1.290380597114563,,,,,
15,8219,,1.332377552986145,,,,,
15,8229,,1.3138927221298218,,,,,
15,8239,,1.3982445001602173,,,,,
15,8249,,1.3074655532836914,,,,,
15,8259,,1.2675012350082397,,,,,
15,8269,,1.2404979467391968,,,,,
15,8279,,1.2439459562301636,,,,,
15,8289,,1.2452000379562378,,,,,
15,8299,,1.285807490348816,,,,,
15,8309,,1.2837258577346802,,,,,
15,8319,,1.3198224306106567,,,,,
15,8329,,1.2306017875671387,,,,,
15,8339,,1.2078015804290771,,,,,
15,8349,,1.27289617061615,,,,,
15,8359,,1.3574138879776,,,,,
15,8369,,1.320108413696289,,,,,
15,8379,,1.2328075170516968,,,,,
15,8389,,1.2226365804672241,,,,,
15,8399,,1.2576152086257935,,,,,
15,8409,,1.2844175100326538,,,,,
15,8419,,1.418853759765625,,,,,
15,8429,,1.268807053565979,,,,,
15,8439,,1.26512610912323,,,,,
15,8449,,1.258022427558899,,,,,
15,8459,,1.2656530141830444,,,,,
15,8469,,1.3763179779052734,,,,,
15,8479,,1.3053644895553589,,,,,
15,8489,,1.2838958501815796,,,,,
15,8499,,1.2766844034194946,,,,,
15,8509,,1.3587398529052734,,,,,
15,8519,,1.26109778881073,,,,,
15,8529,,1.2831224203109741,,,,,
15,8539,,1.2429651021957397,,,,,
15,8549,,1.314806342124939,,,,,
15,8559,,1.173466682434082,,,,,
15,8559,,,4.412457466125488,0.18948324024677277,5.485849857330322,0.18958820402622223,3.265970230102539
15,8559,1.2912131547927856,,,,,,
16,8569,,1.3044687509536743,,,,,
16,8579,,1.2736071348190308,,,,,
16,8589,,1.2544195652008057,,,,,
16,8599,,1.2444208860397339,,,,,
16,8609,,1.3188382387161255,,,,,
16,8619,,1.193495273590088,,,,,
16,8629,,1.192140817642212,,,,,
16,8639,,1.3468761444091797,,,,,
16,8649,,1.4147272109985352,,,,,
16,8659,,1.3023226261138916,,,,,
16,8669,,1.3514734506607056,,,,,
16,8679,,1.3199853897094727,,,,,
16,8689,,1.3405823707580566,,,,,
16,8699,,1.3598436117172241,,,,,
16,8709,,1.2662925720214844,,,,,
16,8719,,1.1969585418701172,,,,,
16,8729,,1.2398427724838257,,,,,
16,8739,,1.2321600914001465,,,,,
16,8749,,1.2811917066574097,,,,,
16,8759,,1.4446548223495483,,,,,
16,8769,,1.1984659433364868,,,,,
16,8779,,1.2196290493011475,,,,,
16,8789,,1.2018711566925049,,,,,
16,8799,,1.285934329032898,,,,,
16,8809,,1.2346981763839722,,,,,
16,8819,,1.3601142168045044,,,,,
16,8829,,1.3282818794250488,,,,,
16,8839,,1.223513126373291,,,,,
16,8849,,1.341331958770752,,,,,
16,8859,,1.3139337301254272,,,,,
16,8869,,1.2414532899856567,,,,,
16,8879,,1.265123963356018,,,,,
16,8889,,1.3547390699386597,,,,,
16,8899,,1.2000832557678223,,,,,
16,8909,,1.230974555015564,,,,,
16,8919,,1.3522449731826782,,,,,
16,8929,,1.2769215106964111,,,,,
16,8939,,1.253470778465271,,,,,
16,8949,,1.2203365564346313,,,,,
16,8959,,1.2853742837905884,,,,,
16,8969,,1.258327841758728,,,,,
16,8979,,1.3539615869522095,,,,,
16,8989,,1.2507593631744385,,,,,
16,8999,,1.2410016059875488,,,,,
16,9009,,1.3624471426010132,,,,,
16,9019,,1.1196542978286743,,,,,
16,9029,,1.1659899950027466,,,,,
16,9039,,1.238956093788147,,,,,
16,9049,,1.385500431060791,,,,,
16,9059,,1.2751890420913696,,,,,
16,9069,,1.28481924533844,,,,,
16,9079,,1.233815312385559,,,,,
16,9089,,1.3565683364868164,,,,,
16,9094,,,5.02356481552124,0.2142273336648941,6.465137958526611,0.2089070826768875,3.832897901535034
16,9094,1.2759422063827515,,,,,,
17,9099,,1.2030109167099,,,,,
17,9109,,1.2212752103805542,,,,,
17,9119,,1.25857675075531,,,,,
17,9129,,1.2396972179412842,,,,,
17,9139,,1.3603299856185913,,,,,
17,9149,,1.4109784364700317,,,,,
17,9159,,1.2734535932540894,,,,,
17,9169,,1.1949397325515747,,,,,
17,9179,,1.2271374464035034,,,,,
17,9189,,1.303611397743225,,,,,
17,9199,,1.2964204549789429,,,,,
17,9209,,1.1733888387680054,,,,,
17,9219,,1.2906960248947144,,,,,
17,9229,,1.2518762350082397,,,,,
17,9239,,1.2601499557495117,,,,,
17,9249,,1.2772362232208252,,,,,
17,9259,,1.3233613967895508,,,,,
17,9269,,1.2867592573165894,,,,,
17,9279,,1.2673391103744507,,,,,
17,9289,,1.2592487335205078,,,,,
17,9299,,1.2368589639663696,,,,,
17,9309,,1.2356442213058472,,,,,
17,9319,,1.2364643812179565,,,,,
17,9329,,1.2546404600143433,,,,,
17,9339,,1.2722806930541992,,,,,
17,9349,,1.1499663591384888,,,,,
17,9359,,1.2559312582015991,,,,,
17,9369,,1.2711883783340454,,,,,
17,9379,,1.2738178968429565,,,,,
17,9389,,1.2303134202957153,,,,,
17,9399,,1.229470133781433,,,,,
17,9409,,1.3398321866989136,,,,,
17,9419,,1.3347015380859375,,,,,
17,9429,,1.2019586563110352,,,,,
17,9439,,1.3272958993911743,,,,,
17,9449,,1.242756962776184,,,,,
17,9459,,1.2586603164672852,,,,,
17,9469,,1.3778752088546753,,,,,
17,9479,,1.3577966690063477,,,,,
17,9489,,1.2502435445785522,,,,,
17,9499,,1.2305198907852173,,,,,
17,9509,,1.235095500946045,,,,,
17,9519,,1.3667875528335571,,,,,
17,9529,,1.219320297241211,,,,,
17,9539,,1.1659446954727173,,,,,
17,9549,,1.289401888847351,,,,,
17,9559,,1.332873821258545,,,,,
17,9569,,1.2630001306533813,,,,,
17,9579,,1.2422734498977661,,,,,
17,9589,,1.280927300453186,,,,,
17,9599,,1.291993498802185,,,,,
17,9609,,1.2447686195373535,,,,,
17,9619,,1.1616963148117065,,,,,
17,9629,,1.2409566640853882,,,,,
17,9629,,,4.937562942504883,0.2116795778274536,6.0789713859558105,0.2100025862455368,3.7469093799591064
17,9629,1.264981746673584,,,,,,
18,9639,,1.2969794273376465,,,,,
18,9649,,1.255624771118164,,,,,
18,9659,,1.2342796325683594,,,,,
18,9669,,1.1715707778930664,,,,,
18,9679,,1.2476580142974854,,,,,
18,9689,,1.2449768781661987,,,,,
18,9699,,1.3162659406661987,,,,,
18,9709,,1.3128935098648071,,,,,
18,9719,,1.198790431022644,,,,,
18,9729,,1.2543286085128784,,,,,
18,9739,,1.2889535427093506,,,,,
18,9749,,1.230563998222351,,,,,
18,9759,,1.3079862594604492,,,,,
18,9769,,1.1461330652236938,,,,,
18,9779,,1.219626545906067,,,,,
18,9789,,1.2851403951644897,,,,,
18,9799,,1.1841892004013062,,,,,
18,9809,,1.1662706136703491,,,,,
18,9819,,1.2156509160995483,,,,,
18,9829,,1.2742480039596558,,,,,
18,9839,,1.236486792564392,,,,,
18,9849,,1.2715874910354614,,,,,
18,9859,,1.274181842803955,,,,,
18,9869,,1.2090493440628052,,,,,
18,9879,,1.2118996381759644,,,,,
18,9889,,1.3540328741073608,,,,,
18,9899,,1.3200215101242065,,,,,
18,9909,,1.2554734945297241,,,,,
18,9919,,1.2297438383102417,,,,,
18,9929,,1.1489146947860718,,,,,
18,9939,,1.3217791318893433,,,,,
18,9949,,1.1662482023239136,,,,,
18,9959,,1.209309458732605,,,,,
18,9969,,1.1909390687942505,,,,,
18,9979,,1.235652208328247,,,,,
18,9989,,1.2504431009292603,,,,,
18,9999,,1.2407268285751343,,,,,
18,10009,,1.199377417564392,,,,,
18,10019,,1.1852158308029175,,,,,
18,10029,,1.2067009210586548,,,,,
18,10039,,1.3342446088790894,,,,,
18,10049,,1.2116323709487915,,,,,
18,10059,,1.2566534280776978,,,,,
18,10069,,1.3359159231185913,,,,,
18,10079,,1.2886203527450562,,,,,
18,10089,,1.1765819787979126,,,,,
18,10099,,1.309404969215393,,,,,
18,10109,,1.340179443359375,,,,,
18,10119,,1.2090718746185303,,,,,
18,10129,,1.2545324563980103,,,,,
18,10139,,1.2978514432907104,,,,,
18,10149,,1.2320178747177124,,,,,
18,10159,,1.2121071815490723,,,,,
18,10164,,,4.588596820831299,0.1952693909406662,5.97900915145874,0.1897687464952469,3.4003543853759766
18,10164,1.2517714500427246,,,,,,
19,10169,,1.29669988155365,,,,,
19,10179,,1.2359834909439087,,,,,
19,10189,,1.2949258089065552,,,,,
19,10199,,1.195970892906189,,,,,
19,10209,,1.268774151802063,,,,,
19,10219,,1.2756553888320923,,,,,
19,10229,,1.240185260772705,,,,,
19,10239,,1.2035884857177734,,,,,
19,10249,,1.2226371765136719,,,,,
19,10259,,1.2529209852218628,,,,,
19,10269,,1.220779538154602,,,,,
19,10279,,1.1978322267532349,,,,,
19,10289,,1.243510365486145,,,,,
19,10299,,1.1436630487442017,,,,,
19,10309,,1.173309326171875,,,,,
19,10319,,1.2385482788085938,,,,,
19,10329,,1.2205435037612915,,,,,
19,10339,,1.236067771911621,,,,,
19,10349,,1.3071398735046387,,,,,
19,10359,,1.169998049736023,,,,,
19,10369,,1.1433025598526,,,,,
19,10379,,1.1771639585494995,,,,,
19,10389,,1.2507485151290894,,,,,
19,10399,,1.1869257688522339,,,,,
19,10409,,1.2904499769210815,,,,,
19,10419,,1.3051079511642456,,,,,
19,10429,,1.2324625253677368,,,,,
19,10439,,1.189396858215332,,,,,
19,10449,,1.2906306982040405,,,,,
19,10459,,1.1517646312713623,,,,,
19,10469,,1.215109944343567,,,,,
19,10479,,1.1354469060897827,,,,,
19,10489,,1.1622788906097412,,,,,
19,10499,,1.2019587755203247,,,,,
19,10509,,1.1488103866577148,,,,,
19,10519,,1.1701369285583496,,,,,
19,10529,,1.234610676765442,,,,,
19,10539,,1.1767748594284058,,,,,
19,10549,,1.3399406671524048,,,,,
19,10559,,1.2647517919540405,,,,,
19,10569,,1.2319200038909912,,,,,
19,10579,,1.1804258823394775,,,,,
19,10589,,1.1848503351211548,,,,,
19,10599,,1.2060116529464722,,,,,
19,10609,,1.2008479833602905,,,,,
19,10619,,1.1988439559936523,,,,,
19,10629,,1.2184910774230957,,,,,
19,10639,,1.1790790557861328,,,,,
19,10649,,1.172725796699524,,,,,
19,10659,,1.2097581624984741,,,,,
19,10669,,1.2797781229019165,,,,,
19,10679,,1.2338756322860718,,,,,
19,10689,,1.216740608215332,,,,,
19,10699,,1.2252216339111328,,,,,
19,10699,,,4.852726459503174,0.21174465119838715,6.516146183013916,0.20355288684368134,3.7303552627563477
19,10699,1.2235504388809204,,,,,,
